"","blackper_1920","blackper_1930","blackper_1940","blackper_1950","blackper_1960","blackper_1970","blackper_1980"
"black_belt",0.38450848059675,0.84747499321612,0.896649227703039,0.973947608852768,0.970968176476326,0.963124321591602,0.962164696426777
"hyde_park",0.0221432727940951,0.011378247895388,0.0122273552598313,0.0283205772559488,0.351746442432083,0.272613290345692,0.332153055396916
"north_kenwood",0.0219356827288606,0.0254638050200073,0.0386111942532176,0.409298900752117,0.972198419499191,0.981211544096103,0.988157894736842
"north_woodlawn",0.00429402791118142,0.00111281861056648,0.000391945519572779,0.0173487929393441,0.779233303865627,0.874833971404016,0.845005020080321
"other_within_study_area",0.0193450788672632,0.0236749317731784,0.0244709215890746,0.0953972158630398,0.410695392901799,0.593770682056992,0.685376110204821
"south_kenwood",0.0135173190650521,0.00903037029563112,0.0100165410770079,0.0676552363299351,0.644694103710497,0.546954314720812,0.6415864378401
"south_shore",0.00265796468328114,0.00218049809648409,0.00319451569276687,0.00233037449937935,0.128752653391287,0.707019115542577,0.952867481603114
"south_woodlawn",0.0024202331491267,0.000853121000995308,0.00055963393356816,0.187319884726225,0.908718415661279,0.981658725808492,0.984990340318026
