{"type":"Topology","arcs":[[[632,2381],[-92,-3],[96,-216],[10,-430]],[[646,1732],[2,-109],[3,-163]],[[651,1460],[0,-10],[1,-21],[0,-12],[0,-11],[0,-11]],[[652,1395],[1,-32],[0,-11]],[[653,1352],[0,-11]],[[653,1341],[1,-34]],[[654,1307],[1,-10],[0,-5],[0,-6],[0,-32]],[[655,1254],[0,-11],[0,-6]],[[655,1237],[1,-17],[0,-11],[0,-15]],[[656,1194],[0,-5],[0,-11]],[[656,1178],[1,-33]],[[657,1145],[0,-11],[0,-10]],[[657,1124],[1,-22],[0,-11]],[[658,1091],[0,-17]],[[658,1074],[1,-5],[0,-2]],[[659,1067],[0,-4],[0,-4]],[[659,1059],[0,-13]],[[659,1046],[0,-7],[0,-13]],[[659,1026],[1,-54]],[[660,972],[3,-174],[3,-152]],[[666,646],[1,-54]],[[667,592],[1,-11]],[[668,581],[1,-50]],[[669,531],[0,-18]],[[669,513],[0,-5],[1,-50]],[[670,458],[1,-9],[0,-4],[-1,-7]],[[670,438],[1,-9]],[[671,429],[-128,106],[-77,63],[-52,43],[-100,42],[-98,81],[-61,37],[-79,46],[-45,3],[-31,1308],[5,869],[374,3],[218,-588],[35,-61]],[[659,1026],[127,1]],[[786,1027],[93,2],[18,0]],[[897,1029],[9,0],[6,1]],[[912,1030],[9,1],[9,0]],[[930,1031],[236,3]],[[1166,1034],[3,-165]],[[1169,869],[-132,-2],[-3,-3],[-5,3]],[[1029,867],[-240,-2],[-127,-2]],[[662,863],[-2,109]],[[651,1460],[63,1]],[[714,1461],[0,11],[428,6]],[[1142,1478],[4,-23],[1,-21]],[[1147,1434],[85,2]],[[1232,1436],[46,0],[0,-43],[36,-41],[3,-46],[9,0],[0,-54],[-161,-2],[-2,-55],[3,-161]],[[1166,1034],[-98,-1],[-29,-1],[-109,-1]],[[912,1030],[-8,-1],[-7,0]],[[897,1029],[-111,-2]],[[659,1026],[0,9],[0,7],[0,4]],[[659,1059],[0,8]],[[659,1067],[-1,7]],[[658,1074],[0,6],[0,11]],[[657,1124],[0,21]],[[656,1178],[0,16]],[[655,1237],[0,17]],[[654,1307],[0,1],[-1,33]],[[653,1352],[-1,43]],[[651,1460],[-5,272]],[[646,1732],[379,5],[18,8]],[[1043,1745],[62,-110],[33,13],[31,21],[72,-72],[3,-74],[-38,0],[2,-13],[24,-74]],[[1147,1434],[-5,44]],[[1142,1478],[-428,-6],[0,-11]],[[632,2381],[318,-487],[93,-149]],[[670,438],[1,7],[-1,13]],[[670,458],[0,19],[-1,15],[0,21]],[[669,531],[0,6],[-1,11],[0,33]],[[667,592],[0,11],[-1,43]],[[666,646],[353,4]],[[1019,650],[25,0],[113,2]],[[1157,652],[8,0],[9,0],[2,0],[5,2]],[[1181,654],[497,6],[4,-1],[2,-2],[3,-6],[5,-202],[5,-6],[84,1],[70,-3],[-8,-11],[12,-24],[30,-41],[17,7],[20,-28],[52,-57],[241,-255],[-44,-16],[-25,-2],[-953,-14],[-1,1],[-6,0],[-1,0],[1,1],[0,4],[-189,155],[-32,26],[-6,6],[-9,6],[-1,1],[-3,2],[-15,13],[-6,5],[-254,209]],[[662,863],[367,4]],[[1169,869],[12,-215]],[[1157,652],[-98,-2],[-40,0]],[[1019,650],[-26,0],[-327,-4]],[[666,646],[-4,217]]],"transform":{"scale":[4.273412399182336,5.003089557443331],"translate":[-9755077.055768237,5123825.63885222]},"objects":{"chicago_neighborhood_polys":{"type":"GeometryCollection","geometries":[{"arcs":[[0,1,2,3,4,5,6,7,8,9,10,11,12,13,14,15,16,17,18,19,20,21,22,23,24,25,26,27]],"type":"Polygon","properties":{"name":"Black Belt"},"id":3},{"arcs":[[-19,28,29,30,31,32,33,34,35,36]],"type":"Polygon","properties":{"name":"N.  Woodlawn"},"id":4},{"arcs":[[37,38,39,40,41,42,-32,43,44,-29,45,-17,46,47,48,-13,49,-11,50,-9,51,-7,52,-5,53,-3]],"type":"Polygon","properties":{"name":"Hyde Park"},"id":5},{"arcs":[[54,55,56,-41,57,58,-38]],"type":"Polygon","properties":{"name":"S.  Kenwood"},"id":6},{"arcs":[[-1,59,-56]],"type":"Polygon","properties":{"name":"N.  Kenwood"},"id":7},{"arcs":[[-27,60,61,-24,62,-22,63,64,65,66,67]],"type":"Polygon","properties":{"name":"South Shore"},"id":9},{"arcs":[[68,-35,69,-67,70,71,72]],"type":"Polygon","properties":{"name":"S.  Woodlawn"},"id":10}]}}}